Workbook

Sheet Sheet1
A3: Sum of count | B3: Column Labels
A4: Row Labels | B4: 46137 | C4: Grand Total
A5: beans | B5: 1 | C5: 1
A6: garlic | B6: 1 | C6: 1
A7: irrigation | B7: 1 | C7: 1
A8: planting | B8: 4 | C8: 4
A9: seedlings | B9: 1 | C9: 1
A10: sunchokes | B10: 1 | C10: 1
A11: tomatoes | B11: 1 | C11: 1
A12: watering | B12: 2 | C12: 2
A13: Grand Total | B13: 12 | C13: 12
D17: Weekly Observations:
D18: Planting is the dominant activity
D19: Watering is consistent but secondary
D20: Some categories have low or no activity

Sheet weekly_data
A1: date | B1: category | C1: count
A2: 46137 | B2: planting | C2: 4
A3: 46137 | B3: beans | C3: 1
A4: 46137 | B4: irrigation | C4: 1
A5: 46137 | B5: watering | C5: 2
A6: 46137 | B6: tomatoes | C6: 1
A7: 46137 | B7: seedlings | C7: 1
A8: 46137 | B8: garlic | C8: 1
A9: 46137 | B9: sunchokes | C9: 1

Sheet Sheet2

Sheet SpaceDashboard
B1: 🐉 COSMIC GARDEN COMMAND CENTER 🐉
B2: ✦ Interstellar Activity Tracking System ✦
B4: 🌟 ACTIVITY | C4: 📊 COUNT | D4: ⚡ STATUS
B5: =weekly_data!B2 -> planting | C5: =weekly_data!C2 -> 4 | D5: =IF(C5>=3,"🔥 HIGH",IF(C5>=2,"⭐ MEDIUM","💫 LOW")) -> 🔥 HIGH
B6: =weekly_data!B3 -> beans | C6: =weekly_data!C3 -> 1 | D6: =IF(C6>=3,"🔥 HIGH",IF(C6>=2,"⭐ MEDIUM","💫 LOW")) -> 💫 LOW
B7: =weekly_data!B4 -> irrigation | C7: =weekly_data!C4 -> 1 | D7: =IF(C7>=3,"🔥 HIGH",IF(C7>=2,"⭐ MEDIUM","💫 LOW")) -> 💫 LOW
B8: =weekly_data!B5 -> watering | C8: =weekly_data!C5 -> 2 | D8: =IF(C8>=3,"🔥 HIGH",IF(C8>=2,"⭐ MEDIUM","💫 LOW")) -> ⭐ MEDIUM
B9: =weekly_data!B6 -> tomatoes | C9: =weekly_data!C6 -> 1 | D9: =IF(C9>=3,"🔥 HIGH",IF(C9>=2,"⭐ MEDIUM","💫 LOW")) -> 💫 LOW
B10: =weekly_data!B7 -> seedlings | C10: =weekly_data!C7 -> 1 | D10: =IF(C10>=3,"🔥 HIGH",IF(C10>=2,"⭐ MEDIUM","💫 LOW")) -> 💫 LOW
B11: =weekly_data!B8 -> garlic | C11: =weekly_data!C8 -> 1 | D11: =IF(C11>=3,"🔥 HIGH",IF(C11>=2,"⭐ MEDIUM","💫 LOW")) -> 💫 LOW
B12: =weekly_data!B9 -> sunchokes | C12: =weekly_data!C9 -> 1 | D12: =IF(C12>=3,"🔥 HIGH",IF(C12>=2,"⭐ MEDIUM","💫 LOW")) -> 💫 LOW
B14: 🚀 MISSION STATISTICS
B15: Total Activities: | C15: =SUM(weekly_data!C:C) -> 12
B16: Categories Tracked: | C16: =COUNTA(weekly_data!B2:B100) -> 8
B17: Top Activity: | C17: =INDEX(weekly_data!B2:B100,MATCH(MAX(weekly_data!C2:C100),weekly_data!C2:C100,0)) -> planting
B18: Mission Date: | C18: =MAX(weekly_data!A:A) -> 46137
B22: ━━━ 🐉 Powered by Dragon Force Technology 🐉 ━━━
